time,open,high,low,close,P/E ratio,Gross margin %,EBIT,Net debt to EBITDA ratio,Free cash flow,Cash to debt ratio,Cash and short term investments
2007-03-01,18,19.3,17.110001,17.95,,,,,,,
2007-04-02,17.9,19.739999,17.53,19.039999,,,,,,,
2007-05-02,18.8,20.3,18.43,20,,,,,,,
2007-06-01,20.2,23.2,19.55,22.6,,,,,,,
2007-07-02,22.6,24.32,20.4,22.38,,,,,,,
2007-08-02,22.8,22.8,18.1,19.7,,,,,,,
2007-09-03,19.810001,20.64,18.02,18.760001,,,,,,,
2007-10-01,18.6,23.56,18.210001,20.14,,,,,,,
2007-11-01,20.52,20.72,18.3,19.18,,,,,,,
2007-12-03,18.610001,19.2,17.6,17.65,,,,,,,
2008-01-03,18.18,18.4,16.27,16.610001,21.740839005235603,,,,,,
2008-02-01,16.68,17.339999,16.63,16.760001,21.937174083769634,,,,,,
2008-03-03,16.739999,17.17,15.23,15.4,20.157068062827225,,,,,,
2008-04-01,15.2,15.8,13.6,14.65,19.17539267015707,,,,,,
2008-05-02,14.639999,15.32,14.6,15.3,20.026178010471206,,,,,,
2008-06-02,15.3,15.960001,15.3,15.610001,20.43193848167539,,,,,,
2008-07-01,15.6,15.93,14.93,15,17.482517482517483,,,,,,
2008-08-04,15.35,15.6,14,14.6,17.016317016317018,,,,,,
2008-09-01,14.639999,14.9,12.17,12.3,14.335664335664337,,,,,,
2008-10-01,12.21,12.48,7.6,9.5,11.072261072261073,,,,,,
2008-11-03,9.5,13.72,8.84,9.4,10.955710955710956,,,,,,
2008-12-01,9.8,10.14,7,7.99,9.312354312354312,,,,,,
2009-01-05,8.38,8.8,6.72,7.1,8.294392523364486,,,,,,
2009-02-02,6.96,7.04,5.45,5.45,6.366822429906542,,,,,,
2009-03-02,5.44,7.06,4.82,7,8.177570093457945,,,,,,
2009-04-01,6.9,8.96,6.9,8.96,10.46728971962617,,,,,,
2009-05-04,8.66,11.95,8.66,11.6,13.551401869158878,,,,,,
2009-06-02,11.78,11.78,9.82,10.05,11.740654205607477,,,,,,
2009-07-01,10.03,11.1,9.91,10.9,13.13253012048193,,,,,,
2009-08-03,10.9,14,10.8,13.8,16.626506024096386,,,,,,
2009-09-01,14,15.8,13.3,15.039999,18.120480722891568,,,,,,
2009-10-01,15.1,16.2,14.9,15.8,19.036144578313255,,,,,,
2009-11-02,15.8,15.9,14.22,14.8,17.83132530120482,,,,,,
2009-12-01,15.28,16,15,15.710001,18.927712048192774,,,,,,
2010-01-04,15.4,16.1,14.5,15.939999,16.99360234541578,,,,,,
2010-02-01,15.710001,16.17,15.23,15.75,16.791044776119403,,,,,,
2010-03-01,15.75,19.4,15.4,17.95,19.136460554371002,,,,,,
2010-04-01,18,19.010001,17.5,18.910001,20.1599157782516,,,,,,
2010-05-03,18.8,19.260001,15.63,16.689999,17.79317590618337,,,,,,
2010-06-01,16.6,17.93,16.13,17.5,18.65671641791045,,,,,,
2010-07-01,17.4,17.82,16.83,17.05,15.061837455830391,,,,,,
2010-08-02,17.039999,18.28,17.039999,17.78,15.706713780918731,,,,,,
2010-09-01,17.510001,19.17,17.510001,19.139999,16.90812632508834,,,,,,
2010-10-01,19.15,20.9,19,20.9,18.462897526501767,,,,,,
2010-11-01,20.94,23.28,20.74,22.78,20.123674911660782,,,,,,
2010-12-01,22.78,25,22.06,24,21.20141342756184,,,,,,
2011-01-03,23.6,24.2,22.64,23.6,18.940609951845907,,,,,,
2011-02-01,23.52,24.4,23,23.84,19.13322632423756,,,,,,
2011-03-01,23.64,27.9,23.54,26.6,21.348314606741575,,,,,,
2011-04-01,26.020002,26.979998,25.44,26.979998,21.653288924558588,,,,,,
2011-05-02,26.6,26.76,24.76,26.279998,21.0914911717496,,,,,,
2011-06-01,26.620002,28.6,26.520002,28.379998,22.776884430176565,,,,,,
2011-07-01,28.2,28.36,21.84,23.04,17.668711656441715,,,,,,
2011-08-02,23.2,23.44,18.010001,19.8,15.184049079754601,,,,,,
2011-09-01,19.510001,19.889999,17.5,18.2,13.957055214723926,,,,,,
2011-10-03,18,20.2,17.8,20,15.337423312883436,,,,,,
2011-11-01,19.98,19.98,18.1,18.939999,14.524539110429448,,,,,,
2011-12-01,19.03,19.8,18.3,19.3,14.800613496932515,,,,,,
2012-01-03,19.48,19.5,18.3,19,14.774494556765163,,,,,,
2012-02-01,19.110001,19.9,18.87,19.9,15.474339035769827,,,,,,
2012-03-01,19.45,23,19.07,20.6,16.018662519440124,,,,,,
2012-04-02,21.34,21.94,19.2,19.48,15.147744945567652,,,,,,
2012-05-02,19.48,19.6,17.160001,18.660001,14.51010964230171,,,,,,
2012-06-01,18.65,19.2,17.02,17.97,13.973561430793156,,,,,,
2012-07-02,18.08,18.2,17,17.2,13.694267515923567,,,,,,
2012-08-02,17.189999,18.489999,17.03,18.05,14.371019108280255,,,,,,
2012-09-03,17.8,21.62,17.8,21.62,17.213375796178344,,,,,,
2012-10-01,21.4,22.5,21.02,22.2,17.67515923566879,,,,,,
2012-11-01,22.3,22.5,21.02,21.6,17.197452229299365,,,,,,
2012-12-03,21.56,23,21.04,23,18.312101910828027,,,,,,
2013-01-03,23,25.06,22.2,25,18.1422351233672,,,,,,
2013-02-01,25.02,26,24.68,25.8,18.72278664731495,,,,,,
2013-03-01,25.36,26.6,25,25.9,18.79535558780842,,,,,,
2013-04-02,25.46,26.6,25.42,26.6,19.303338171262702,,,,,,
2013-05-02,26.579998,28.4,26.179998,28,20.319303338171263,,,,,,
2013-06-03,28,28.2,26,26.4,19.15820029027576,,,,,,
2013-07-01,26.8,28.1,25.4,27.26,17.81699346405229,,,,,,
2013-08-02,27.6,30.44,26.66,27.8,18.169934640522875,,,,,,
2013-09-02,28,30.36,27.779998,30.2,19.73856209150327,,,,,,
2013-10-01,30.4,33.5,29.979998,32.6,21.30718954248366,,,,,,
2013-11-01,32.6,33.4,31.7,33.279998,21.75163267973856,,,,,,
2013-12-02,33.06,33.7,32,33.279998,21.75163267973856,,,,,,
2014-01-03,33.079998,34.2,27.46,29.820002,19.644270092226613,,,,,,
2014-02-03,29.8,32.320002,29.6,31.24,20.579710144927535,,,,,,
2014-03-03,31.06,31.579998,29.420002,30,19.76284584980237,,,,,,
2014-04-01,29.879998,30.56,29.04,29.54,19.459815546772067,,,,,,
2014-05-02,29.44,30,28.5,29.2,19.235836627140973,,,,,,
2014-06-02,28.66,31.26,28.6,29.7,19.565217391304348,,,,,,
2014-07-01,29.26,31.1,29.220002,30.96,19.422835633626097,,,,,,
2014-08-04,30.64,31.66,29.26,31.66,19.861982434127977,,,,,,
2014-09-01,30.54,33,30.54,32.320002,20.276036386449185,,,,,,
2014-10-01,32.020002,32.24,28.779998,31.7,19.8870765370138,,,,,,
2014-11-03,31.4,33.6,30.56,33.4,20.95357590966123,,,,,,
2014-12-01,32.720002,37.279998,32.620002,35.54,22.296110414052695,,,,,,
2015-01-05,35.8,35.86,30.1,32,17.97752808988764,,,,,,
2015-02-02,32.7,34.020002,31.7,34,19.10112359550562,,,,,,
2015-03-02,34.3,38,34,38,21.34831460674157,,,,,,
2015-04-01,37.779998,40,37.24,40,22.47191011235955,,,,,,
2015-05-04,40,43,37.2,42.7,23.98876404494382,,,,,,
2015-06-01,40.879998,45,40.879998,45,25.280898876404493,,,,,,
2015-07-01,45,50.6,44.020002,49.9,24.58128078817734,,,,,,
2015-08-03,49.5,54,48.220002,52.8,26.00985221674877,,,,,,
2015-09-01,52.8,61,51.4,60.6,29.852216748768477,,,,,,
2015-10-01,60.95,64,56.25,61.6,30.3448275862069,,,,,,
2015-11-02,62,67,60.15,65.45,32.24137931034483,,,,,,
2015-12-01,65.5,66,55,59.1,29.11330049261084,,,,,,
2016-01-04,58.2,59,49.4,54.6,25.852272727272727,,,,,,
2016-02-01,56,58,45.1,52.65,24.92897727272727,,,,,,
2016-03-01,52.95,55.55,48.6,50.8,24.0530303030303,,,,,,
2016-04-01,50.1,59.7,49.2,59.7,28.267045454545453,,,,,,
2016-05-02,59.6,63.7,54.05,63.4,30.01893939393939,,,,,,
2016-06-01,62.8,63.05,52.4,57.95,27.43844696969697,,,,,,
2016-07-01,57,60.05,55.15,58,28.403525954946133,,,,,,
2016-08-02,57.25,63,52.6,52.6,25.759059745347702,,,,,,
2016-09-01,52.4,55.7,52.4,54.5,26.68952007835456,,,,,,
2016-10-03,53.7,59.2,53.7,58.6,28.697355533790404,,,,,,
2016-11-01,58.4,65.6,57.65,63.8,31.243878550440744,,,,,,
2016-12-01,63.8,64.4,60.6,61.1,29.92164544564153,,,,,,
2017-01-03,60.4,63.6,58.05,59.5,28.333333333333332,,,,,,
2017-02-01,59,61.75,58.45,60.3,28.71428571428571,,,,,,
2017-03-01,59.85,61.95,54,55,26.19047619047619,,,,,,
2017-04-03,55.05,56,52.75,55.35,26.357142857142858,,,,,,
2017-05-02,55,59.6,54.5,59.4,28.285714285714285,,,,,,
2017-06-01,59.55,61.6,57.75,61.55,29.309523809523807,,,,,,
2017-07-03,61.3,63.6,59.3,62.3,28.369763205828775,,,,,,
2017-08-02,61.95,63.6,57.35,57.75,26.297814207650273,,,,,,
2017-09-01,57.9,61.8,57.9,61.8,28.142076502732237,,,,,,
2017-10-02,61.3,69.3,61.3,68.95,31.39799635701275,,,,,,
2017-11-01,69,69.95,62.05,65.5,29.82695810564663,,,,,,
2017-12-01,65.3,66.6,63.1,66.1,30.10018214936247,,,,,,
2018-01-03,66.8,67.3,62.6,62.8,28.860294117647054,,,,,,
2018-02-01,62.9,63.5,57.1,59.6,27.38970588235294,,,,,,
2018-03-01,58,58,51.7,51.8,23.805147058823525,,,,,,
2018-04-03,51.7,56.4,47.6,55.9,25.689338235294116,,,,,,
2018-05-02,55.6,62,54.2,59.3,27.251838235294116,,,,,,
2018-06-01,59.8,64.8,58.5,62.4,28.67647058823529,,,,,,
2018-07-02,63.1,65.5,61.8,63.1,27.554585152838428,93.64152385,58702000,-7.7466505,53534000,6.10757337,1046777000
2018-08-02,64.4,66.4,58.7,60,26.200873362445414,,,,,,
2018-09-03,62,62.1,57.2,58.4,25.502183406113534,,,,,,
2018-10-01,58.4,59.7,52.1,57.1,24.934497816593886,,,,,,
2018-11-01,56.2,58.6,51.6,53.4,23.318777292576417,,,,,,
2018-12-03,54.4,55.2,47.8,53,23.14410480349345,,,,,,
2019-01-03,50,56.1,50,52.7,21.33776014252166,93.80440696,59480000,-6.02566834,64071000,4.42262454,1001322000
2019-02-01,52.7,53.6,48.3,52.2,21.1353146003725,,,,,,
2019-03-01,52.4,56.1,50.2,52.1,21.094825491942665,,,,,,
2019-04-01,53,53.6,48.8,49.8,20.16357599805652,,,,,,
2019-05-02,49.8,54.2,49.4,52.6,21.29727103409183,,,,,,
2019-06-03,51.9,54.3,49.2,53.5,21.661673009960317,,,,,,
2019-07-01,52.7,55,50.7,54.9,22.156751957381548,91.75639697,60404000,-5.95926685,60513000,3.3155891,1145231000
2019-08-02,54,59.6,53.9,58.1,23.448220195334574,,,,,,
2019-09-02,57.6,60.9,56.9,59.6,24.05359593187505,,,,,,
2019-10-01,58.5,59.6,52.2,55,22.19711033981758,,,,,,
2019-11-01,55.9,59.6,55.4,59.6,24.05359593187505,,,,,,
2019-12-02,59.5,62.2,58.3,59.7,24.093954314311084,,,,,,
2020-01-03,59.5,69.6,57.8,68.3,26.409403758410022,92.2789882,64352000.00000001,-6.40288235,69557000,2.69343277,1450023000
2020-02-03,68,77.3,64.9,66.3,25.636068362848967,,,,,,
2020-03-02,65,70.2,50.3,64.8,25.056066816178177,,,,,,
2020-04-01,63.4,70,62.2,67.5,26.100069600185602,,,,,,
2020-05-04,65.800003,77,64.800003,71.400002,27.608074394865056,,,,,,
2020-06-02,71,78,69.699997,70.800003,27.376074162864438,,,,,,
2020-07-01,70.800003,76.300003,70,72.099998,25.831183003725997,93.38002572,65882999.99999999,-5.5214305,66503000,2.01319583,1621287000
2020-08-03,73.199997,88,72.900002,80.900002,28.983950272284325,,,,,,
2020-09-01,79.5,82.800003,71.900002,82.199997,29.449697979363716,,,,,,
2020-10-01,81.800003,82.900002,73.900002,76.900002,27.55087489251935,,,,,,
2020-11-02,77,80.099998,75.800003,76,27.22843221553454,,,,,,
2020-12-01,76.800003,83.5,74.5,80.900002,28.983950272284325,,,,,,
2021-01-04,82.400002,82.800003,74.5,75.300003,25.232048721643267,93.58175503,71091000,-5.15885929,84455000,1.84572009,1746592000
2021-02-01,76.300003,80.900002,74,76,25.466608584927787,,,,,,
2021-03-01,76.199997,81.099998,74.099998,78.099998,26.17029052039004,,,,,,
2021-04-01,77.900002,82.5,76.300003,78.599998,26.33783399792246,,,,,,
2021-05-03,79.800003,79.800003,75.800003,78.400002,26.270817947257314,,,,,,
2021-06-01,78.900002,83.800003,76,78.400002,26.270817947257314,,,,,,
2021-07-01,78.599998,84,77.699997,81.699997,24.897908514658376,93.97905344,80144000,-5.52080301,86542000,2.05445622,1832992000
2021-08-02,81.300003,93.099998,81.300003,87,26.513073688059972,,,,,,
2021-09-01,87.900002,94.900002,86.900002,92.900002,28.311087340769184,,,,,,
2021-10-01,91.5,95,88.199997,93.099998,28.372035716462484,,,,,,
2021-11-01,93.199997,96,85.599998,91.099998,27.76253976961053,,,,,,
2021-12-01,91.5,97.800003,86.300003,97.800003,29.804352715304443,,,,,,
2022-01-03,97,100,85.400002,86.699997,23.95292214609349,93.99898397,87367000,-4.50810474,74479000,1.81311041,1888369000
2022-02-01,89,89,79,82.599998,22.82020057464913,,,,,,
2022-03-01,81.5,89.900002,74.699997,87.5,24.173941872030056,,,,,,
2022-04-01,86.5,87.800003,70.300003,72.699997,20.08509144656868,,,,,,
2022-05-02,73.199997,75.300003,70,72.599998,20.057464360702838,,,,,,
2022-06-01,73.699997,77,68,69.199997,19.11813377168748,,,,,,
2022-07-01,68,78.300003,68,77.599998,20.199916180758017,93.93400681,89907000,-5.09568874,78900000,2.27315912,1806425000
2022-08-02,76.5,85.599998,75.699997,78.5,20.434194085797582,,,,,,
2022-09-01,77.599998,77.599998,66,69.5,18.091420241566013,,,,,,
2022-10-03,69.300003,72.300003,63.599998,69,17.961266139108705,,,,,,
2022-11-01,69.400002,78.5,69,74.900002,19.497085068721365,,,,,,
2022-12-01,74.800003,75.5,70.199997,71.800003,18.690129893794253,,,,,,
2023-01-03,71.400002,75,71.400002,72.599998,18.89935908783256,93.06164808,86420000,-4.67087271,85697000,2.71678863,1462719000
2023-02-01,73.199997,76.5,70.699997,73.599998,19.159680845525067,,,,,,
2023-03-01,76,76.599998,71.400002,74.900002,19.49810017181236,,,,,,
2023-04-03,74,84.300003,74,83,21.606705888478157,,,,,,
2023-05-02,82.300003,83.800003,75.099998,75.599998,19.680324360910085,,,,,,
2023-06-01,75.800003,83.900002,75.099998,82.199997,21.39844770135888,,,,,,
2023-07-03,78.300003,85.599998,78.300003,81,19.80730669535873,90.37146122,101126000,-5.00918499,128631000,3.25753386,1514864000
2023-08-02,81,89.5,79,89.400002,21.8613982491319,,,,,,
2023-09-01,89,99,88.800003,95.5,23.353059128478503,,,,,,
2023-10-02,95.199997,95.199997,86.699997,89.199997,21.81249009634665,,,,,,
2023-11-01,89.699997,95,87.5,94.599998,23.132977453905216,,,,,,
2023-12-01,94.199997,98.800003,89.300003,98.199997,24.01330195138651,,,,,,
2024-01-03,98,102,93.900002,101.8,21.45687547424332,88.67470946,117801000,-4.6496804,140020000,3.03362597,1678663000
2024-02-01,102,113.2,98.900002,111,23.396003709636627,,,,,,
2024-03-01,108.8,111.6,105.8,110,23.1852289014417,,,,,,
2024-04-02,110,111.4,103,106.2,22.38428463030099,,,,,,
2024-05-02,106.6,113.8,105.8,112,23.60677851783155,,,,,,
2024-06-03,112,117.2,109.4,115.2,24.28125790405531,,,,,,
2024-07-01,116,121.4,114.6,118.6,23.099096291679647,88.16681534,119082000,-4.49241381,143958000,2.55352171,1925815000
2024-08-02,117.2,129,111.8,127.4,24.813025864755375,,,,,,
2024-09-02,127,135.4,121.8,135.4,26.37114365846058,,,,,,
2024-10-01,136,145.2,131.8,139.4,27.150202555313182,,,,,,
2024-11-01,139.4,146.4,137.4,145.8,28.396696790277346,,,,,,
2024-12-02,146.8,151,139.4,144,28.04612028669367,,,,,,
2025-01-03,145.4,157.2,144.8,157,28.46420218648585,89.91033244,135035000,-4.5731713,113512000,2.69177959,2032159000
2025-02-03,155.6,162.8,145.4,152,27.557698932139168,,,,,,
2025-03-03,152,172.6,152,168.6,30.567289736570153,,,,,,
2025-04-01,169.2,171.2,131.4,169.8,30.78485051761336,,,,,,
2025-05-02,170,181,169,174.6,31.655093641786173,,,,,,
2025-06-02,175.4,178.6,163.4,173.6,31.473792990916838,,,,,,
2025-07-01,174.2,183.4,167,172.6,30.03985589223245,92.47750763,129989000,-5.32187942,90137000,3.15320998,2265121000
2025-08-04,169.2,182.6,161.4,181.2,31.536627390918422,,,,,,
2025-09-01,180.6,182.4,161.8,166.4,28.96078806759838,,,,,,
2025-10-01,166.2,166.2,148.4,157,27.324782010895103,,,,,,
2025-11-03,156.8,159,146.4,149.2,25.967245070226426,,,,,,
2025-12-01,149,150.8,145.4,149.4,26.002053709730756,,,,,,
2026-01-05,149,165.8,145.4,151.2,25.414754677020824,93.55234286,144295000,-4.54977645,164168000,2.89875788,2087984000
2026-02-02,150.6,153,140.8,144.8,24.338997865295077,,,,,,
2026-03-02,141.2,154.4,139.4,150.8,25.34751987628797,,,,,,
2026-04-01,152.4,161.2,144.8,150.6,25.313902475921537,,,,,,